signature,count,sample_title,source_job_id,url
msim,2,MSIM - Billing Ops -Mumbai,7649449,https://job-boards.greenhouse.io/capco/jobs/7649449
pm,2,PM - Capital Market/Trading,7348485,https://job-boards.greenhouse.io/capco/jobs/7348485
instructional designer,1,Instructional Designer,8387980002,https://job-boards.greenhouse.io/gomotive/jobs/8387980002
information systems,1,Information Systems - Open Source Technical Architect,4551832,https://job-boards.greenhouse.io/canonical/jobs/4551832
junior ads specialist,1,Junior Ads Specialist,6642933,https://job-boards.greenhouse.io/canonical/jobs/6642933
public cloud enablement professional,1,Public Cloud Enablement Professional,7490812,https://job-boards.greenhouse.io/canonical/jobs/7490812
représentant du développement des ventes,1,Représentant du Développement des Ventes,5906505,https://job-boards.greenhouse.io/canonical/jobs/5906505
representante de desarrollo de ventas,1,Representante de Desarrollo de Ventas,5906490,https://job-boards.greenhouse.io/canonical/jobs/5906490
security risk management specialist,1,Security Risk Management Specialist,5422575,https://job-boards.greenhouse.io/canonical/jobs/5422575
senior design researcher,1,Senior Design Researcher - User Science,7528950,https://job-boards.greenhouse.io/canonical/jobs/7528950
senior jira administrator,1,Senior Jira Administrator,5920689,https://job-boards.greenhouse.io/canonical/jobs/5920689
software architect,1,Software Architect - Containers / Virtualisation,5881447,https://job-boards.greenhouse.io/canonical/jobs/5881447
tax senior associate,1,Tax Senior Associate,7568354,https://job-boards.greenhouse.io/canonical/jobs/7568354
technical author (multiple roles and seniority,1,Technical Author (multiple roles and seniority levels),3798310,https://job-boards.greenhouse.io/canonical/jobs/3798310
threat intelligence lead,1,Threat Intelligence Lead,5144666,https://job-boards.greenhouse.io/canonical/jobs/5144666
treasury analyst,1,Treasury Analyst,7606934,https://job-boards.greenhouse.io/canonical/jobs/7606934
visual designer,1,Visual Designer,5326986,https://job-boards.greenhouse.io/canonical/jobs/5326986
accounting apprentice,1,Accounting Apprentice,4656031005,https://job-boards.greenhouse.io/gleanwork/jobs/4656031005
customer education and certification lead,1,Customer Education and Certification Lead,4663798005,https://job-boards.greenhouse.io/gleanwork/jobs/4663798005
customer reference specialist (contract),1,Customer Reference Specialist (Contract),4488628005,https://job-boards.greenhouse.io/gleanwork/jobs/4488628005
head of human resources (americas),1,Head of Human Resources (Americas),4628025005,https://job-boards.greenhouse.io/gleanwork/jobs/4628025005
head of partnerships,1,Head of Partnerships - EMEA,4619527005,https://job-boards.greenhouse.io/gleanwork/jobs/4619527005
industry principal,1,"Industry Principal - CPG, Retail, Manufacturing",4641829005,https://job-boards.greenhouse.io/gleanwork/jobs/4641829005
onboarding & training lead,1,Onboarding & Training Lead,4658698005,https://job-boards.greenhouse.io/gleanwork/jobs/4658698005
partner innovation architect,1,Partner Innovation Architect,4663045005,https://job-boards.greenhouse.io/gleanwork/jobs/4663045005
recruiting coordinator (contract),1,Recruiting Coordinator (Contract),4655509005,https://job-boards.greenhouse.io/gleanwork/jobs/4655509005
regional vice president- san francisco,1,Regional Vice President- San Francisco,4617980005,https://job-boards.greenhouse.io/gleanwork/jobs/4617980005
senior payroll analyst,1,Senior Payroll Analyst - Shift (4 PM – 1 AM IST),4649589005,https://job-boards.greenhouse.io/gleanwork/jobs/4649589005
senior/staff applied scientist,1,Senior/Staff Applied Scientist,4424103005,https://job-boards.greenhouse.io/gleanwork/jobs/4424103005
talent sourcer,1,Talent Sourcer,4624272005,https://job-boards.greenhouse.io/gleanwork/jobs/4624272005
technical writer,1,Technical Writer,4529580005,https://job-boards.greenhouse.io/gleanwork/jobs/4529580005
website designer,1,Website Designer,4657292005,https://job-boards.greenhouse.io/gleanwork/jobs/4657292005
growth account director,1,Growth Account Director | West Coast | Remote,5725454004,https://job-boards.greenhouse.io/grafanalabs/jobs/5725454004
people technology analyst,1,People Technology Analyst | EST or CST USA | Remote,5796016004,https://job-boards.greenhouse.io/grafanalabs/jobs/5796016004
staff product analyst,1,Staff Product Analyst | USA | Remote,5777812004,https://job-boards.greenhouse.io/grafanalabs/jobs/5777812004
director of learning experience design,1,Director of Learning Experience Design,5671425004,https://job-boards.greenhouse.io/correlationone/jobs/5671425004
lead instructor: cloud support specialist,1,Lead Instructor: Cloud Support Specialist,5464389004,https://job-boards.greenhouse.io/correlationone/jobs/5464389004
lead instructor: computer support specialist,1,Lead Instructor: Computer Support Specialist,5466721004,https://job-boards.greenhouse.io/correlationone/jobs/5466721004
lead instructor: cybersecurity (general interest),1,Lead Instructor: Cybersecurity (General Interest),5462269004,https://job-boards.greenhouse.io/correlationone/jobs/5462269004
lead instructor: genai,1,Lead Instructor: GenAI,5459013004,https://job-boards.greenhouse.io/correlationone/jobs/5459013004
head of bd staking,1,Head of BD Staking - NYC,5678529004,https://job-boards.greenhouse.io/nansen/jobs/5678529004
product analyst,1,Product Analyst,5783711004,https://job-boards.greenhouse.io/nansen/jobs/5783711004
"director, customer care",1,"Director, Customer Care",7460504,https://job-boards.greenhouse.io/gofundme/jobs/7460504
"executive assistant, product & technology",1,"Executive Assistant, Product & Technology",7312575,https://job-boards.greenhouse.io/gofundme/jobs/7312575
regulatory affairs analyst,1,Regulatory Affairs Analyst,7569676,https://job-boards.greenhouse.io/gofundme/jobs/7569676
country lead the netherlands,1,Country Lead The Netherlands,7343484,https://job-boards.greenhouse.io/inthepocket/jobs/7343484
spontaneous application,1,Spontaneous Application,7179821,https://job-boards.greenhouse.io/inthepocket/jobs/7179821
team lead,1,Team Lead,7102192,https://job-boards.greenhouse.io/inthepocket/jobs/7102192
hris pmo coordinator,1,HRIS PMO Coordinator,8425939002,https://job-boards.greenhouse.io/levio/jobs/8425939002
proposal writer,1,Proposal Writer,8404709002,https://job-boards.greenhouse.io/levio/jobs/8404709002
brand media lead,1,Brand Media Lead,7591313,https://job-boards.greenhouse.io/webflow/jobs/7591313
partner development representative (pdr),1,Partner Development Representative (PDR),7369238,https://job-boards.greenhouse.io/webflow/jobs/7369238
senior brand designer,1,Senior Brand Designer,7456130,https://job-boards.greenhouse.io/webflow/jobs/7456130
senior video producer,1,Senior Video Producer,7589008,https://job-boards.greenhouse.io/webflow/jobs/7589008
analyst,1,Analyst - Global Cyber Defense Team (GDCT),6608924003,https://job-boards.greenhouse.io/celonis/jobs/6608924003?gh_jid=6608924003
customer transformation advisor,1,Customer Transformation Advisor,7230213003,https://job-boards.greenhouse.io/celonis/jobs/7230213003?gh_jid=7230213003
director of professional services,1,Director of Professional Services - High Tech,7620467003,https://job-boards.greenhouse.io/celonis/jobs/7620467003?gh_jid=7620467003
gcdt analyst,1,GCDT Analyst,6619365003,https://job-boards.greenhouse.io/celonis/jobs/6619365003?gh_jid=6619365003
global cyber defense analyst,1,Global Cyber Defense Analyst,7580254003,https://job-boards.greenhouse.io/celonis/jobs/7580254003?gh_jid=7580254003
global events (senior) specialist,1,Global Events (Senior) Specialist,7614464003,https://job-boards.greenhouse.io/celonis/jobs/7614464003?gh_jid=7614464003
global events working student,1,Global Events Working Student,7627616003,https://job-boards.greenhouse.io/celonis/jobs/7627616003?gh_jid=7627616003
lead supply chain optimization deployment architect,1,Lead Supply Chain Optimization Deployment Architect - Public Sector,6646073003,https://job-boards.greenhouse.io/celonis/jobs/6646073003?gh_jid=6646073003
lead supply chain strategy & public,1,Lead Supply Chain Strategy & Public Sector Transformation,6646072003,https://job-boards.greenhouse.io/celonis/jobs/6646072003?gh_jid=6646072003
"partner activation, ai lead",1,"Partner Activation, AI Lead",7527516003,https://job-boards.greenhouse.io/celonis/jobs/7527516003?gh_jid=7527516003
partner management director – emea strategy,1,Partner Management Director – EMEA Strategy Consulting Lead,6681250003,https://job-boards.greenhouse.io/celonis/jobs/6681250003?gh_jid=6681250003
partner management executive,1,Partner Management Executive - Global AI Partnerships,7488253003,https://job-boards.greenhouse.io/celonis/jobs/7488253003?gh_jid=7488253003
"people and culture, country lead uk,",1,"People and Culture, Country Lead UK, Australia & Dubai",7606552003,https://job-boards.greenhouse.io/celonis/jobs/7606552003?gh_jid=7606552003
senior supply chain optimization deployment architect,1,Senior Supply Chain Optimization Deployment Architect - Public Sector,6646069003,https://job-boards.greenhouse.io/celonis/jobs/6646069003?gh_jid=6646069003
video producer / senior video producer,1,Video Producer / Senior Video Producer,7609061003,https://job-boards.greenhouse.io/celonis/jobs/7609061003?gh_jid=7609061003
commercial ops analyst,1,Commercial Ops Analyst,7610880,https://job-boards.greenhouse.io/thumbtack/jobs/7610880
pro success specialist,1,Pro Success Specialist,7278594,https://job-boards.greenhouse.io/thumbtack/jobs/7278594
senior accounts payable associate,1,Senior Accounts Payable Associate,7342995,https://job-boards.greenhouse.io/thumbtack/jobs/7342995
"ai investment partner (sr director), taiwan",1,"AI Investment Partner (Sr Director), Taiwan",7159419,https://job-boards.greenhouse.io/appier/jobs/7159419
campaign analyst,1,Campaign Analyst,1501724,https://job-boards.greenhouse.io/appier/jobs/1501724
campaign executive,1,Campaign Executive,5332115,https://job-boards.greenhouse.io/appier/jobs/5332115
investor relations,1,Investor Relations,6787108,https://job-boards.greenhouse.io/appier/jobs/6787108
senior creative strategist (ui design),1,"Senior Creative Strategist (UI Design) - Hybrid, Istanbul",7009731,https://job-boards.greenhouse.io/appier/jobs/7009731
experienced trader (hong kong),1,Experienced Trader (Hong Kong),4626981005,https://job-boards.greenhouse.io/aurosglobal/jobs/4626981005
freelance tutorial writer,1,Freelance Tutorial Writer,5657854,https://job-boards.greenhouse.io/datacamp/jobs/5657854
ai product analyst,1,AI Product Analyst | Bank,7649251,https://job-boards.greenhouse.io/capco/jobs/7649251
