title_clean,count
Senior GTM Enablement Manager | EMEA | Remote,4
"Manager, AI Outcomes",3
Interested in joining our team?,2
AI Outcomes Manager- Central,2
AI Outcomes Manager- East,2
AI Outcomes Manager- West,2
Delivery Excellence Manager- Central,2
Delivery Excellence Manager- East,2
"Manager, Cloud Security",2
Services Manager,2
"Manager, Solution Services (Remote elegible - Costa Rica)",1
Principal Commodity Manager,1
Public Cloud Enablement Professional,1
Représentant du Développement des Ventes,1
Representante de Desarrollo de Ventas,1
Security Risk Management Specialist,1
Senior Design Researcher - User Science,1
Senior Jira Administrator,1
Software Architect - Containers / Virtualisation,1
Tax Senior Associate,1
