title,count
Instructional Designer,1
Information Systems - Open Source Technical Architect,1
Junior Ads Specialist,1
Public Cloud Enablement Professional,1
Représentant du Développement des Ventes,1
Representante de Desarrollo de Ventas,1
Security Risk Management Specialist,1
Senior Design Researcher - User Science,1
Senior Jira Administrator,1
Software Architect - Containers / Virtualisation,1
Tax Senior Associate,1
Technical Author (multiple roles and seniority levels),1
Threat Intelligence Lead,1
Treasury Analyst,1
Visual Designer,1
Accounting Apprentice,1
Customer Education and Certification Lead,1
Customer Reference Specialist (Contract),1
Head of Human Resources (Americas),1
Head of Partnerships - EMEA,1
"Industry Principal - CPG, Retail, Manufacturing",1
Lead Quality Assurance,1
Onboarding & Training Lead,1
Partner Innovation Architect,1
Recruiting Coordinator (Contract),1
Regional Vice President- San Francisco,1
Senior Payroll Analyst - Shift (4 PM – 1 AM IST),1
Senior/Staff Applied Scientist,1
Talent Sourcer,1
Technical Writer,1
Website Designer,1
Associate Observability Architect | USA EST| Remote,1
Growth Account Director | West Coast | Remote,1
Observability Architect | Canada | Remote,1
Observability Architect | Sweden | Remote,1
Observability Architect | USA EST| Remote,1
Observability Architect | USA PST| Remote,1
"Observability Architect | Washington, DC | Remote",1
People Technology Analyst | EST or CST USA | Remote,1
Senior Observability Architect | USA PST| Remote,1
Senior Strategy & Planning Analyst | Ireland | Remote,1
Senior Strategy & Planning Analyst | United Kingdom | Remote,1
Senior Strategy & Planning Analyst | United States | Remote,1
Staff Product Analyst | USA | Remote,1
Career Success Coach,1
Career Success Coach: (Bilingual German/English),1
Director of Learning Experience Design,1
Lead Instructor: Cloud Support Specialist,1
Lead Instructor: Computer Support Specialist,1
Lead Instructor: Cybersecurity (General Interest),1
